id,id_metodo_pagamento,id_proposta,id_cliente,status_pagamento,valor_bruto,data_pagamento
1,3,8,8,Processando,163.83,
2,3,9,9,Estornado,8235.00,
3,3,11,11,Pendente,9118.58,
4,3,15,15,Processando,997.67,
5,3,18,18,Estornado,651.97,
6,3,22,22,Pendente,1125.04,
7,3,25,25,Concluído,8617.04,2025-03-15 19:39:32
8,3,34,34,Concluído,7444.39,2025-03-15 16:25:21
9,3,35,35,Falhou,5037.01,
10,3,36,36,Pendente,9148.27,
11,3,42,42,Falhou,9135.91,
12,3,47,47,Pendente,1189.56,
13,3,48,48,Pendente,2701.42,
14,3,51,51,Pendente,732.07,
15,3,58,58,Pendente,9187.26,
16,3,59,59,Concluído,1532.12,2025-04-20 04:30:49
17,3,60,60,Pendente,4283.07,
18,3,65,65,Estornado,9345.95,
19,3,66,66,Estornado,3666.90,
20,3,67,67,Concluído,6005.11,2025-03-10 07:16:08
21,3,71,71,Concluído,4901.61,2025-02-18 05:39:12
22,3,74,74,Falhou,8560.19,
23,3,75,75,Processando,1464.31,
24,3,77,77,Pendente,5818.53,
25,3,85,85,Estornado,8679.44,
26,3,87,87,Processando,1802.62,
27,3,90,90,Falhou,5855.44,
28,3,91,91,Pendente,9573.78,
29,3,94,94,Falhou,3174.30,
30,3,98,98,Pendente,1661.18,
31,3,102,102,Estornado,3534.08,
32,3,104,104,Processando,5565.77,
33,3,105,105,Processando,353.97,
34,3,111,111,Processando,1006.94,
35,3,114,114,Processando,8230.79,
36,3,117,117,Falhou,1659.57,
37,3,121,121,Processando,759.06,
38,3,122,122,Processando,8528.24,
39,3,123,123,Estornado,9607.59,
40,3,130,130,Pendente,4056.67,
41,3,133,133,Estornado,2460.02,
42,3,137,137,Falhou,9460.76,
43,3,138,138,Concluído,9372.67,2025-02-23 18:15:15
44,3,143,143,Processando,9011.36,
45,3,144,144,Estornado,4098.43,
46,3,145,145,Concluído,319.53,2025-04-21 11:15:11
47,3,147,147,Concluído,3843.11,2025-04-26 05:01:04
48,3,148,148,Estornado,740.52,
49,3,149,149,Estornado,490.07,
50,3,151,151,Pendente,9170.70,
51,3,155,155,Pendente,1688.82,
52,3,156,156,Concluído,1992.15,2025-01-30 23:48:05
53,3,159,159,Concluído,9513.58,2025-02-23 03:28:23
54,3,161,161,Concluído,9850.48,2025-02-05 18:01:27
55,3,165,165,Falhou,3086.94,
56,3,167,167,Estornado,2148.19,
57,3,170,170,Pendente,9425.46,
58,3,171,171,Concluído,8908.08,2025-04-21 20:12:09
59,3,173,173,Estornado,2823.37,
60,3,176,176,Processando,8772.24,
61,3,179,179,Concluído,4617.89,2025-04-08 15:39:16
62,3,181,181,Processando,3786.88,
63,3,182,182,Pendente,7729.32,
64,3,188,188,Processando,4132.34,
65,3,189,189,Processando,3492.98,
66,3,190,190,Concluído,5299.67,2025-03-09 20:10:44
67,3,199,199,Falhou,239.64,
68,3,204,204,Processando,9325.00,
69,3,205,205,Concluído,3449.02,2025-04-21 08:27:47
70,3,211,211,Processando,1548.63,
71,3,214,214,Falhou,3102.35,
72,3,215,215,Falhou,1243.13,
73,3,216,216,Estornado,2083.57,
74,3,221,221,Estornado,9243.66,
75,3,224,224,Pendente,9906.06,
76,3,226,226,Pendente,5776.15,
77,3,227,227,Processando,9677.99,
78,3,230,230,Processando,6379.03,
79,3,231,231,Estornado,8047.03,
80,3,233,233,Processando,295.19,
81,3,234,234,Estornado,5980.23,
82,3,237,237,Falhou,8667.06,
83,3,241,241,Estornado,9876.65,
84,3,245,245,Falhou,796.77,
85,3,250,250,Processando,6717.12,
86,3,252,252,Concluído,7944.56,2025-03-16 16:49:01
87,3,259,259,Falhou,1882.17,
88,3,260,260,Falhou,9179.84,
89,3,265,265,Processando,3616.81,
90,3,266,266,Pendente,1605.07,
91,3,268,268,Processando,7647.74,
92,3,270,270,Pendente,5128.16,
93,3,272,272,Concluído,6652.68,2025-04-30 14:28:12
94,3,273,273,Pendente,8100.23,
95,3,274,274,Estornado,6653.70,
96,3,275,275,Concluído,2358.42,2024-11-13 20:05:49
97,3,279,279,Falhou,5979.23,
98,3,282,282,Processando,9574.33,
99,3,283,283,Processando,4420.59,
100,3,284,284,Falhou,9949.74,
101,3,287,287,Estornado,8946.35,
102,3,291,291,Processando,9643.56,
103,3,292,292,Falhou,4233.36,
104,3,303,303,Pendente,3001.67,
105,3,304,304,Falhou,7604.47,
106,3,305,305,Pendente,1736.96,
107,3,306,306,Pendente,9917.20,
108,3,308,308,Pendente,6150.13,
109,3,309,309,Processando,2058.08,
110,3,314,314,Estornado,4147.85,
111,3,315,315,Concluído,6639.56,2025-04-12 20:12:50
112,3,316,316,Concluído,30.42,2025-04-28 09:45:42
113,3,317,317,Processando,2525.12,
114,3,319,319,Falhou,9784.51,
115,3,320,320,Pendente,7057.35,
116,3,324,324,Estornado,6080.27,
117,3,327,327,Estornado,3740.82,
118,3,330,330,Estornado,7632.63,
119,3,335,335,Pendente,227.97,
120,3,337,337,Concluído,4725.66,2025-01-28 18:23:16
121,3,342,342,Estornado,8523.39,
122,3,348,348,Pendente,2583.47,
123,3,349,349,Concluído,1229.34,2025-05-01 02:45:31
124,3,354,354,Estornado,1483.28,
125,3,355,355,Concluído,5642.38,2025-01-27 19:32:22
126,3,356,356,Estornado,2057.21,
127,3,358,358,Estornado,7820.26,
128,3,361,361,Falhou,4914.75,
129,3,364,364,Processando,5154.99,
130,3,372,372,Pendente,8181.07,
131,3,373,373,Pendente,1186.19,
132,3,374,374,Falhou,9054.19,
133,3,375,375,Falhou,5511.08,
134,3,376,376,Estornado,8466.36,
135,3,386,386,Concluído,5390.71,2025-04-22 12:11:05
136,3,389,389,Estornado,7690.12,
137,3,394,394,Estornado,8656.97,
138,3,396,396,Concluído,4546.77,2025-04-23 18:34:17
139,3,402,402,Falhou,582.81,
140,3,404,404,Concluído,5709.87,2025-04-23 18:00:13
141,3,406,406,Falhou,1050.90,
142,3,408,408,Concluído,7025.26,2025-04-02 02:11:40
143,3,409,409,Concluído,2480.70,2025-03-07 19:05:53
144,3,412,412,Estornado,6505.21,
145,3,416,416,Processando,8647.91,
146,3,419,419,Concluído,644.88,2025-04-13 01:35:14
147,3,422,422,Concluído,2203.90,2025-04-24 21:06:46
148,3,423,423,Processando,4782.88,
149,3,424,424,Pendente,4418.52,
150,3,427,427,Estornado,9192.77,
151,3,433,433,Estornado,2925.24,
152,3,441,441,Pendente,4196.68,
153,3,443,443,Processando,4238.09,
154,3,444,444,Estornado,1726.71,
155,3,449,449,Estornado,4042.86,
156,3,456,456,Falhou,7445.70,
157,3,457,457,Concluído,330.28,2025-04-28 22:18:54
158,3,458,458,Concluído,7914.31,2025-01-30 06:25:47
159,3,460,460,Processando,498.58,
160,3,475,475,Processando,7733.12,
161,3,476,476,Processando,8024.52,
162,3,477,477,Processando,3603.96,
163,3,478,478,Estornado,2973.90,
164,3,481,481,Concluído,2887.26,2025-04-19 22:19:19
165,3,486,486,Pendente,8960.61,
166,3,489,489,Estornado,509.81,
167,3,490,490,Falhou,3280.20,
168,3,497,497,Concluído,9704.67,2025-01-10 19:13:32
169,3,499,499,Concluído,9587.65,2025-03-10 13:18:29
170,3,501,501,Estornado,4199.95,
171,3,507,507,Estornado,2503.82,
172,3,510,510,Concluído,6655.39,2025-04-23 03:06:30
173,3,513,513,Concluído,7657.93,2025-04-16 11:14:59
174,3,516,516,Processando,7928.13,
175,3,520,520,Pendente,6278.40,
176,3,521,521,Falhou,1326.53,
177,3,531,531,Estornado,4476.00,
178,3,535,535,Processando,923.27,
179,3,537,537,Falhou,9682.18,
180,3,539,539,Concluído,1285.77,2025-04-24 05:35:35
181,3,540,540,Falhou,5985.90,
182,3,542,542,Processando,5031.74,
183,3,544,544,Processando,8620.63,
184,3,551,551,Pendente,4987.09,
185,3,552,552,Falhou,4407.47,
186,3,556,556,Pendente,3197.09,
187,3,560,560,Falhou,2867.28,
188,3,563,563,Processando,6379.20,
189,3,564,564,Estornado,7068.23,
190,3,565,565,Falhou,8230.69,
191,3,566,566,Processando,6634.50,
192,3,570,570,Concluído,9678.29,2025-04-27 17:58:40
193,3,572,572,Concluído,3677.10,2025-04-02 00:13:58
194,3,573,573,Pendente,4076.93,
195,3,574,574,Estornado,8101.76,
196,3,575,575,Processando,7757.03,
197,3,576,576,Pendente,531.19,
198,3,591,591,Falhou,8804.27,
199,3,592,592,Concluído,8271.26,2025-03-14 11:51:37
200,3,597,597,Estornado,4245.21,
201,3,598,598,Pendente,3627.92,
202,3,599,599,Pendente,9540.97,
203,3,601,601,Estornado,9698.02,
204,3,607,607,Processando,2320.92,
205,3,609,609,Pendente,7006.20,
206,3,610,610,Falhou,9887.69,
207,3,611,611,Falhou,3552.89,
208,3,612,612,Processando,8637.06,
209,3,619,619,Pendente,4570.08,
210,3,621,621,Concluído,7098.54,2025-03-07 13:20:01
211,3,623,623,Estornado,3947.97,
212,3,624,624,Falhou,9191.25,
213,3,626,626,Estornado,2487.87,
214,3,629,629,Falhou,2803.45,
215,3,630,630,Concluído,7662.35,2025-03-21 11:03:55
216,3,635,635,Pendente,5622.94,
217,3,636,636,Falhou,1332.31,
218,3,638,638,Estornado,3041.59,
219,3,641,641,Falhou,213.65,
220,3,642,642,Estornado,1530.59,
221,3,645,645,Falhou,2606.81,
222,3,647,647,Concluído,2872.47,2024-12-03 05:32:31
223,3,656,656,Processando,6636.68,
224,3,657,657,Concluído,3729.48,2025-03-15 05:42:55
225,3,659,659,Estornado,9526.14,
226,3,662,662,Falhou,4134.82,
227,3,672,672,Estornado,4393.09,
228,3,673,673,Estornado,3283.85,
229,3,676,676,Estornado,1210.68,
230,3,677,677,Processando,1314.21,
231,3,689,689,Processando,7760.99,
232,3,691,691,Pendente,8885.99,
233,3,694,694,Estornado,3012.01,
234,3,695,695,Processando,6691.69,
235,3,696,696,Processando,7861.79,
236,3,697,697,Concluído,4076.94,2025-03-19 02:40:30
237,3,698,698,Pendente,449.06,
238,3,700,700,Pendente,6274.41,
239,3,701,701,Processando,8360.21,
240,3,703,703,Falhou,7286.30,
241,3,704,704,Concluído,4864.91,2025-01-12 21:49:41
242,3,707,707,Pendente,4981.69,
243,3,708,708,Estornado,8586.01,
244,3,715,715,Concluído,4584.55,2025-04-24 22:18:12
245,3,720,720,Estornado,763.59,
246,3,724,724,Concluído,6267.36,2025-04-28 23:04:25
247,3,725,725,Falhou,3692.75,
248,3,727,727,Concluído,3331.56,2025-02-08 06:10:21
249,3,728,728,Estornado,3928.46,
250,3,729,729,Falhou,6191.99,
251,3,730,730,Pendente,6138.39,
252,3,736,736,Processando,7771.74,
253,3,737,737,Falhou,7531.26,
254,3,739,739,Pendente,449.76,
255,3,741,741,Pendente,354.69,
256,3,748,748,Estornado,7994.71,
257,3,750,750,Pendente,3759.55,
258,3,752,752,Pendente,628.47,
259,3,753,753,Concluído,3286.69,2025-03-08 04:03:25
260,3,755,755,Estornado,6876.07,
261,3,756,756,Estornado,7089.00,
262,3,758,758,Processando,4964.74,
263,3,760,760,Concluído,7007.34,2025-03-31 12:10:40
264,3,761,761,Concluído,4207.98,2025-03-01 10:38:29
265,3,770,770,Concluído,8974.97,2025-04-26 08:40:29
266,3,773,773,Falhou,102.06,
267,3,779,779,Falhou,2438.24,
268,3,780,780,Pendente,9668.80,
269,3,782,782,Processando,2793.07,
270,3,787,787,Falhou,188.61,
271,3,788,788,Concluído,3519.94,2025-03-12 04:54:19
272,3,793,793,Processando,1700.55,
273,3,798,798,Processando,3030.35,
274,3,799,799,Processando,691.41,
275,3,802,802,Estornado,72.42,
276,3,804,804,Concluído,6977.05,2025-04-06 10:27:37
277,3,807,807,Pendente,4794.92,
278,3,808,808,Falhou,2992.37,
279,3,809,809,Pendente,9222.81,
280,3,821,821,Pendente,2754.79,
281,3,824,824,Processando,4747.08,
282,3,826,826,Concluído,3393.28,2025-04-07 20:08:21
283,3,829,829,Pendente,1098.22,
284,3,830,830,Estornado,1426.22,
285,3,831,831,Falhou,3535.93,
286,3,840,840,Estornado,6927.56,
287,3,844,844,Processando,7420.04,
288,3,845,845,Falhou,7723.59,
289,3,851,851,Pendente,185.95,
290,3,852,852,Falhou,4376.00,
291,3,853,853,Falhou,1495.10,
292,3,856,856,Pendente,8429.57,
293,3,859,859,Pendente,6670.09,
294,3,860,860,Concluído,7276.32,2025-04-06 12:48:11
295,3,864,864,Concluído,711.79,2025-04-17 08:49:10
296,3,867,867,Pendente,7564.09,
297,3,869,869,Falhou,3241.82,
298,3,874,874,Processando,3829.42,
299,3,876,876,Processando,3876.91,
300,3,877,877,Processando,886.12,
301,3,880,880,Processando,8981.87,
302,3,882,882,Estornado,6703.85,
303,3,884,884,Concluído,963.61,2025-03-16 03:50:52
304,3,885,885,Processando,4247.78,
305,3,886,886,Concluído,9387.79,2025-04-14 12:52:51
306,3,887,887,Falhou,3409.70,
307,3,888,888,Estornado,2108.60,
308,3,889,889,Estornado,1848.98,
309,3,895,895,Falhou,8849.76,
310,3,896,896,Processando,7170.66,
311,3,907,907,Pendente,3080.87,
312,3,909,909,Estornado,9969.33,
313,3,919,919,Concluído,4833.63,2025-05-01 15:23:22
314,3,923,923,Concluído,3260.82,2025-05-01 03:41:27
315,3,926,926,Falhou,2289.06,
316,3,928,928,Concluído,3306.56,2025-03-01 03:15:06
317,3,932,932,Pendente,8036.75,
318,3,933,933,Estornado,1900.47,
319,3,939,939,Concluído,7509.15,2025-02-25 16:11:21
320,3,941,941,Pendente,7902.97,
321,3,942,942,Concluído,3928.30,2025-04-10 21:24:48
322,3,943,943,Pendente,2506.35,
323,3,944,944,Processando,8863.84,
324,3,959,959,Pendente,6014.43,
325,3,962,962,Pendente,8954.62,
326,3,965,965,Pendente,8057.49,
327,3,971,971,Concluído,6749.81,2025-01-24 11:01:45
328,3,972,972,Falhou,5914.08,
329,3,974,974,Estornado,8104.64,
330,3,979,979,Concluído,1354.49,2025-03-14 14:05:57
331,3,981,981,Falhou,3077.77,
332,3,984,984,Estornado,4739.24,
333,3,986,986,Estornado,2422.39,
334,3,987,987,Pendente,1748.62,
335,3,989,989,Estornado,8998.58,
336,3,991,991,Processando,9001.97,
337,3,993,993,Processando,3721.42,
338,3,994,994,Pendente,5428.97,
339,3,997,997,Processando,7503.38,
340,3,999,999,Processando,2441.68,
341,3,1000,1000,Falhou,4488.33,
342,3,1001,1001,Processando,5490.25,
343,3,1005,1005,Concluído,8579.78,2025-04-03 04:11:29
344,3,1007,1007,Falhou,6756.77,
345,3,1009,1009,Estornado,694.37,
346,3,1011,1011,Falhou,9266.64,
347,3,1013,1013,Estornado,3982.51,
348,3,1017,1017,Falhou,6580.31,
349,3,1019,1019,Estornado,2162.83,
350,3,1022,1022,Processando,4593.69,
351,3,1023,1023,Concluído,247.93,2025-03-18 00:34:59
352,3,1029,1029,Pendente,6319.89,
353,3,1031,1031,Processando,8082.42,
354,3,1032,1032,Estornado,245.93,
355,3,1033,1033,Concluído,6164.80,2025-04-10 23:04:54
356,3,1034,1034,Falhou,3974.27,
357,3,1040,1040,Processando,7860.95,
358,3,1042,1042,Estornado,9076.10,
359,3,1045,1045,Processando,839.11,
360,3,1046,1046,Concluído,2354.70,2025-04-04 22:39:22
361,3,1048,1048,Concluído,6361.13,2025-04-09 04:05:03
362,3,1051,1051,Falhou,9729.41,
363,3,1052,1052,Falhou,295.52,
364,3,1053,1053,Concluído,9984.93,2025-04-12 05:27:38
365,3,1057,1057,Estornado,6217.14,
366,3,1058,1058,Processando,4630.59,
367,3,1059,1059,Pendente,1389.44,
368,3,1063,1063,Estornado,3287.59,
369,3,1065,1065,Concluído,7398.63,2025-04-24 19:30:47
370,3,1070,1070,Processando,678.98,
371,3,1071,1071,Concluído,7457.85,2025-02-25 15:42:25
372,3,1072,1072,Estornado,3601.86,
373,3,1073,1073,Estornado,8620.06,
374,3,1074,1074,Processando,6724.72,
375,3,1075,1075,Concluído,1379.29,2025-04-13 07:57:48
376,3,1076,1076,Falhou,4237.21,
377,3,1078,1078,Pendente,9086.41,
378,3,1081,1081,Processando,6271.12,
379,3,1085,1085,Processando,8495.51,
380,3,1089,1089,Pendente,7512.30,
381,3,1091,1091,Pendente,634.51,
382,3,1095,1095,Processando,1302.86,
383,3,1097,1097,Estornado,5527.48,
384,3,1103,1103,Falhou,2520.21,
385,3,1104,1104,Processando,6156.17,
386,3,1110,1110,Estornado,7857.34,
387,3,1111,1111,Pendente,2523.28,
388,3,1116,1116,Falhou,8597.83,
389,3,1118,1118,Estornado,6778.83,
390,3,1119,1119,Pendente,1185.16,
391,3,1121,1121,Estornado,7007.86,
392,3,1122,1122,Concluído,6461.50,2024-11-10 06:46:14
393,3,1124,1124,Falhou,2400.19,
394,3,1129,1129,Processando,5119.43,
395,3,1135,1135,Concluído,2366.43,2025-04-30 07:02:12
396,3,1136,1136,Concluído,1183.07,2025-01-01 16:14:20
397,3,1138,1138,Processando,91.54,
398,3,1139,1139,Estornado,413.05,
399,3,1140,1140,Pendente,9192.37,
400,3,1142,1142,Concluído,9295.72,2025-04-14 16:20:52
401,3,1145,1145,Falhou,8990.69,
402,3,1147,1147,Falhou,8916.53,
403,3,1148,1148,Pendente,4340.14,
404,3,1149,1149,Concluído,8609.47,2025-01-28 01:19:09
405,3,1150,1150,Pendente,2173.40,
406,3,1151,1151,Pendente,6069.41,
407,3,1161,1161,Falhou,555.76,
408,3,1162,1162,Concluído,8758.40,2025-04-23 15:29:31
409,3,1166,1166,Processando,9634.92,
410,3,1169,1169,Estornado,1102.19,
411,3,1175,1175,Estornado,9643.77,
412,3,1177,1177,Pendente,9021.02,
413,3,1180,1180,Estornado,9038.63,
414,3,1185,1185,Concluído,7062.94,2025-04-28 18:06:11
415,3,1189,1189,Estornado,4860.24,
416,3,1190,1190,Falhou,7176.06,
417,3,1191,1191,Falhou,1445.61,
418,3,1192,1192,Falhou,6392.74,
419,3,1193,1193,Pendente,9052.32,
420,3,1196,1196,Pendente,6077.30,
421,3,1197,1197,Concluído,3292.24,2025-02-02 00:14:42
422,3,1201,1201,Estornado,6382.65,
423,3,1203,1203,Pendente,9084.23,
424,3,1206,1206,Estornado,3590.42,
425,3,1210,1210,Estornado,8429.96,
426,3,1212,1212,Estornado,442.03,
427,3,1215,1215,Falhou,1464.20,
428,3,1219,1219,Processando,11.43,
429,3,1222,1222,Falhou,2875.25,
430,3,1223,1223,Concluído,2200.94,2025-02-24 08:10:58
431,3,1225,1225,Falhou,7829.58,
432,3,1232,1232,Pendente,6306.79,
433,3,1233,1233,Pendente,7414.44,
434,3,1234,1234,Estornado,4954.75,
435,3,1235,1235,Processando,8308.36,
436,3,1236,1236,Processando,18.69,
437,3,1237,1237,Pendente,4903.13,
438,3,1241,1241,Falhou,5100.36,
439,3,1243,1243,Falhou,8397.10,
440,3,1253,1253,Falhou,2928.21,
441,3,1254,1254,Concluído,8650.03,2025-03-23 12:20:25
442,3,1260,1260,Estornado,177.08,
443,3,1261,1261,Falhou,3950.37,
444,3,1262,1262,Estornado,270.07,
445,3,1264,1264,Estornado,3596.40,
446,3,1266,1266,Processando,2704.42,
447,3,1267,1267,Falhou,9087.43,
448,3,1274,1274,Estornado,6255.76,
449,3,1280,1280,Pendente,449.76,
450,3,1283,1283,Estornado,5477.89,
451,3,1285,1285,Processando,6490.36,
452,3,1291,1291,Concluído,8913.04,2025-04-29 00:06:17
453,3,1296,1296,Pendente,5508.13,
454,3,1299,1299,Concluído,6160.82,2025-04-26 08:00:06
455,3,1304,1304,Concluído,8105.25,2025-02-06 03:10:27
456,3,1305,1305,Estornado,289.91,
457,3,1309,1309,Estornado,1831.76,
458,3,1310,1310,Concluído,1827.14,2025-04-25 10:20:07
459,3,1311,1311,Pendente,6273.14,
460,3,1316,1316,Falhou,8321.64,
461,3,1323,1323,Processando,5400.06,
462,3,1329,1329,Concluído,810.54,2025-04-29 10:39:25
463,3,1334,1334,Concluído,9474.37,2025-05-01 02:15:14
464,3,1340,1340,Concluído,6370.51,2025-04-28 15:21:37
465,3,1342,1342,Pendente,249.61,
466,3,1346,1346,Concluído,9698.75,2024-12-02 11:04:07
467,3,1348,1348,Pendente,1360.54,
468,3,1349,1349,Pendente,8087.03,
469,3,1353,1353,Concluído,1078.77,2025-04-30 10:25:11
470,3,1355,1355,Falhou,8879.16,
471,3,1357,1357,Concluído,2306.23,2025-04-04 02:20:06
472,3,1358,1358,Concluído,8695.03,2025-02-22 12:14:45
473,3,1359,1359,Processando,3101.57,
474,3,1362,1362,Concluído,1223.62,2025-04-28 06:35:58
475,3,1364,1364,Processando,969.48,
476,3,1365,1365,Processando,6197.87,
477,3,1368,1368,Processando,4379.01,
478,3,1374,1374,Pendente,5835.37,
479,3,1375,1375,Falhou,3810.51,
480,3,1376,1376,Concluído,7881.35,2025-02-09 20:15:38
481,3,1377,1377,Falhou,1595.12,
482,3,1378,1378,Concluído,9504.79,2024-12-11 00:11:55
483,3,1381,1381,Pendente,3095.78,
484,3,1382,1382,Pendente,5559.70,
485,3,1384,1384,Falhou,4788.33,
486,3,1392,1392,Pendente,8124.78,
487,3,1395,1395,Estornado,8550.37,
488,3,1396,1396,Falhou,6710.99,
489,3,1397,1397,Pendente,1511.75,
490,3,1398,1398,Falhou,3241.32,
491,3,1399,1399,Processando,272.28,
492,3,1400,1400,Concluído,4921.70,2025-03-31 04:02:08
493,3,1402,1402,Processando,3798.18,
494,3,1405,1405,Estornado,2488.73,
495,3,1406,1406,Pendente,8630.67,
496,3,1416,1416,Concluído,924.15,2025-04-26 12:32:56
497,3,1419,1419,Estornado,7265.75,
498,3,1426,1426,Estornado,454.10,
499,3,1430,1430,Processando,3683.39,
500,3,1432,1432,Processando,1768.00,
501,3,1433,1433,Falhou,7043.12,
502,3,1434,1434,Concluído,7986.88,2025-04-20 22:06:00
503,3,1436,1436,Concluído,3766.33,2025-01-24 23:23:19
504,3,1439,1439,Pendente,695.22,
505,3,1443,1443,Falhou,310.17,
506,3,1445,1445,Concluído,9084.18,2025-04-14 16:16:34
507,3,1446,1446,Concluído,4763.42,2025-04-27 16:00:15
508,3,1450,1450,Concluído,9764.67,2025-03-09 07:09:19
509,3,1452,1452,Estornado,1348.22,
510,3,1454,1454,Falhou,8259.11,
511,3,1455,1455,Falhou,2678.06,
512,3,1462,1462,Estornado,8310.08,
513,3,1463,1463,Processando,2579.87,
514,3,1470,1470,Estornado,2626.10,
515,3,1472,1472,Estornado,9196.11,
516,3,1473,1473,Processando,5618.23,
517,3,1475,1475,Estornado,6144.87,
518,3,1476,1476,Processando,5210.97,
519,3,1479,1479,Concluído,8626.55,2025-04-24 19:05:19
520,3,1482,1482,Estornado,8783.25,
521,3,1489,1489,Concluído,5504.15,2025-04-12 06:18:48
522,3,1490,1490,Falhou,8817.58,
523,3,1499,1499,Concluído,8793.14,2025-04-08 03:16:17
524,3,1505,1505,Concluído,6496.95,2025-04-23 08:55:29
525,3,1506,1506,Processando,301.02,
526,3,1507,1507,Estornado,6328.82,
527,3,1508,1508,Falhou,8070.68,
528,3,1509,1509,Falhou,858.20,
529,3,1515,1515,Pendente,8170.36,
530,3,1516,1516,Falhou,8718.07,
531,3,1517,1517,Concluído,8092.57,2025-02-04 22:43:03
532,3,1519,1519,Estornado,3971.32,
533,3,1522,1522,Falhou,3181.17,
534,3,1531,1531,Processando,942.72,
535,3,1534,1534,Processando,4671.69,
536,3,1535,1535,Estornado,8080.19,
537,3,1543,1543,Falhou,862.55,
538,3,1547,1547,Estornado,9346.19,
539,3,1550,1550,Processando,5653.62,
540,3,1552,1552,Concluído,2393.80,2025-04-24 16:24:35
541,3,1553,1553,Estornado,4419.05,
542,3,1560,1560,Processando,8546.82,
543,3,1562,1562,Processando,4868.12,
544,3,1568,1568,Estornado,330.45,
545,3,1569,1569,Concluído,2746.68,2025-04-24 23:44:07
546,3,1571,1571,Falhou,3412.80,
547,3,1575,1575,Processando,8985.19,
548,3,1578,1578,Pendente,4237.10,
549,3,1579,1579,Processando,7707.77,
550,3,1584,1584,Pendente,966.91,
551,3,1586,1586,Concluído,5473.22,2025-05-01 16:34:28
552,3,1588,1588,Processando,4993.38,
553,3,1592,1592,Processando,9277.12,
554,3,1593,1593,Falhou,8276.78,
555,3,1594,1594,Pendente,7066.21,
556,3,1598,1598,Pendente,3977.85,
557,3,1600,1600,Processando,4680.52,
558,3,1605,1605,Processando,7418.77,
559,3,1606,1606,Concluído,1888.55,2025-03-26 15:39:53
560,3,1607,1607,Falhou,9507.17,
561,3,1608,1608,Concluído,2278.23,2025-03-16 18:46:14
562,3,1610,1610,Falhou,4746.12,
563,3,1614,1614,Estornado,150.90,
564,3,1621,1621,Falhou,5191.53,
565,3,1623,1623,Falhou,733.25,
566,3,1624,1624,Concluído,1070.90,2025-03-20 01:18:43
567,3,1625,1625,Processando,3910.51,
568,3,1626,1626,Falhou,5362.70,
569,3,1628,1628,Concluído,2198.71,2025-02-12 04:48:19
570,3,1631,1631,Estornado,1454.10,
571,3,1633,1633,Pendente,2535.09,
572,3,1634,1634,Falhou,6006.03,
573,3,1636,1636,Concluído,2562.92,2025-03-09 11:34:49
574,3,1639,1639,Processando,5359.08,
575,3,1642,1642,Pendente,4104.36,
576,3,1643,1643,Concluído,7199.52,2025-03-15 08:58:12
577,3,1645,1645,Estornado,6742.52,
578,3,1646,1646,Concluído,1815.01,2025-02-27 15:36:29
579,3,1648,1648,Pendente,1950.34,
580,3,1649,1649,Processando,3910.92,
581,3,1652,1652,Falhou,6073.89,
582,3,1654,1654,Estornado,2950.34,
583,3,1656,1656,Estornado,5742.27,
584,3,1659,1659,Pendente,6208.93,
585,3,1660,1660,Pendente,7400.09,
586,3,1662,1662,Estornado,3941.43,
587,3,1663,1663,Pendente,7116.22,
588,3,1664,1664,Pendente,8937.09,
589,3,1671,1671,Falhou,6681.90,
590,3,1677,1677,Falhou,4372.65,
591,3,1690,1690,Falhou,1759.65,
592,3,1691,1691,Estornado,9110.51,
593,3,1693,1693,Pendente,9985.24,
594,3,1694,1694,Estornado,9480.57,
595,3,1698,1698,Processando,2179.18,
596,3,1702,1702,Processando,592.72,
597,3,1704,1704,Falhou,916.99,
598,3,1707,1707,Estornado,8283.25,
599,3,1709,1709,Falhou,8676.26,
600,3,1713,1713,Pendente,541.15,
601,3,1717,1717,Pendente,7277.90,
602,3,1722,1722,Estornado,7499.64,
603,3,1724,1724,Concluído,5226.80,2025-04-26 00:41:48
604,3,1727,1727,Processando,1411.87,
605,3,1729,1729,Falhou,1349.78,
606,3,1731,1731,Processando,9573.13,
607,3,1733,1733,Concluído,8702.86,2025-04-17 16:54:11
608,3,1734,1734,Estornado,231.02,
609,3,1735,1735,Concluído,6512.66,2025-04-08 23:52:04
610,3,1736,1736,Pendente,4437.11,
611,3,1737,1737,Processando,5786.86,
612,3,1738,1738,Falhou,1935.83,
613,3,1741,1741,Falhou,9029.57,
614,3,1745,1745,Processando,7430.22,
615,3,1748,1748,Processando,4341.12,
616,3,1750,1750,Estornado,9311.42,
617,3,1752,1752,Estornado,5730.50,
618,3,1753,1753,Concluído,1468.46,2025-05-01 05:36:45
619,3,1756,1756,Pendente,1038.53,
620,3,1761,1761,Pendente,3574.27,
621,3,1762,1762,Concluído,6886.04,2025-02-25 21:53:07
622,3,1765,1765,Processando,3095.94,
623,3,1766,1766,Processando,4772.61,
624,3,1768,1768,Estornado,6821.86,
625,3,1773,1773,Pendente,7555.00,
626,3,1781,1781,Processando,3730.18,
627,3,1785,1785,Pendente,212.61,
628,3,1786,1786,Falhou,1030.79,
629,3,1793,1793,Concluído,1654.58,2025-04-25 16:29:39
630,3,1794,1794,Processando,5967.05,
631,3,1795,1795,Falhou,6206.74,
632,3,1800,1800,Pendente,4084.90,
633,3,1804,1804,Falhou,8636.93,
634,3,1807,1807,Falhou,2848.41,
635,3,1810,1810,Pendente,5660.75,
636,3,1813,1813,Concluído,2931.75,2025-04-19 16:33:12
637,3,1822,1822,Concluído,3770.81,2025-04-14 23:48:45
638,3,1824,1824,Concluído,9497.38,2025-04-22 07:33:17
639,3,1825,1825,Pendente,129.09,
640,3,1827,1827,Falhou,2649.30,
641,3,1829,1829,Estornado,5247.11,
642,3,1830,1830,Estornado,1725.23,
643,3,1831,1831,Estornado,3434.56,
644,3,1832,1832,Concluído,9733.54,2025-04-17 23:43:31
645,3,1834,1834,Estornado,796.24,
646,3,1839,1839,Estornado,4378.20,
647,3,1843,1843,Falhou,3385.51,
648,3,1848,1848,Falhou,1621.04,
649,3,1851,1851,Falhou,6966.17,
650,3,1858,1858,Falhou,8302.69,
651,3,1859,1859,Falhou,7356.90,
652,3,1860,1860,Falhou,1289.86,
653,3,1861,1861,Concluído,5190.28,2025-02-17 02:35:12
654,3,1863,1863,Pendente,2339.89,
655,3,1866,1866,Concluído,1605.28,2025-04-30 21:15:41
656,3,1867,1867,Concluído,7248.32,2025-03-16 00:55:07
657,3,1868,1868,Pendente,3523.69,
658,3,1869,1869,Pendente,6018.50,
659,3,1870,1870,Falhou,9137.02,
660,3,1872,1872,Falhou,1389.17,
661,3,1876,1876,Concluído,9772.82,2025-03-19 20:59:07
662,3,1878,1878,Concluído,2701.12,2025-04-02 14:15:23
663,3,1882,1882,Concluído,5316.78,2025-02-18 09:51:50
664,3,1892,1892,Estornado,4707.55,
665,3,1896,1896,Concluído,9311.98,2025-04-21 01:50:00
666,3,1898,1898,Processando,3464.99,
667,3,1900,1900,Pendente,2489.57,
668,3,1903,1903,Falhou,5067.67,
669,3,1906,1906,Falhou,1852.24,
670,3,1907,1907,Processando,2546.79,
671,3,1909,1909,Falhou,5073.52,
672,3,1915,1915,Estornado,6326.66,
673,3,1921,1921,Concluído,331.92,2025-02-19 19:12:02
674,3,1922,1922,Processando,9664.16,
675,3,1924,1924,Estornado,3256.60,
676,3,1932,1932,Falhou,3222.92,
677,3,1933,1933,Concluído,9930.06,2025-01-16 10:33:39
678,3,1936,1936,Processando,6593.74,
679,3,1938,1938,Falhou,996.43,
680,3,1942,1942,Estornado,212.76,
681,3,1943,1943,Concluído,5703.35,2025-03-14 01:02:51
682,3,1945,1945,Processando,4946.48,
683,3,1951,1951,Pendente,1754.69,
684,3,1952,1952,Processando,1704.45,
685,3,1953,1953,Falhou,6753.31,
686,3,1954,1954,Pendente,5680.81,
687,3,1961,1961,Concluído,8697.34,2025-04-07 14:35:29
688,3,1963,1963,Estornado,7636.08,
689,3,1965,1965,Falhou,9177.19,
690,3,1967,1967,Processando,5905.40,
691,3,1970,1970,Estornado,1142.17,
692,3,1972,1972,Concluído,7872.63,2025-01-24 01:53:15
693,3,1973,1973,Processando,9237.90,
694,3,1974,1974,Estornado,9168.44,
695,3,1976,1976,Concluído,1173.81,2025-03-28 20:08:33
696,3,1981,1981,Falhou,6872.62,
697,3,1985,1985,Pendente,5785.26,
698,3,1988,1988,Falhou,3086.90,
699,3,1990,1990,Falhou,6802.48,
700,3,1993,1993,Falhou,9198.14,
701,3,1999,1999,Estornado,3102.34,
702,3,2001,2001,Processando,2011.73,
703,3,2002,2002,Estornado,1433.79,
704,3,2005,2005,Falhou,3021.75,
705,3,2010,2010,Estornado,6764.80,
706,3,2011,2011,Falhou,9789.44,
707,3,2013,2013,Pendente,47.94,
708,3,2015,2015,Pendente,5838.10,
709,3,2016,2016,Estornado,1823.38,
710,3,2021,2021,Processando,6781.26,
711,3,2028,2028,Processando,3361.46,
712,3,2035,2035,Falhou,4323.76,
713,3,2037,2037,Falhou,2895.81,
714,3,2039,2039,Pendente,3318.76,
715,3,2040,2040,Pendente,2625.05,
716,3,2043,2043,Pendente,4695.57,
717,3,2044,2044,Processando,6462.32,
718,3,2045,2045,Falhou,2080.51,
719,3,2050,2050,Processando,209.99,
720,3,2055,2055,Concluído,5238.13,2025-04-21 00:40:35
721,3,2056,2056,Pendente,8359.76,
722,3,2057,2057,Falhou,7879.77,
723,3,2060,2060,Processando,3604.30,
724,3,2064,2064,Concluído,2501.19,2025-04-25 01:46:13
725,3,2066,2066,Falhou,4769.25,
726,3,2068,2068,Pendente,139.08,
727,3,2073,2073,Processando,4103.68,
728,3,2074,2074,Processando,2764.24,
729,3,2076,2076,Estornado,2394.17,
730,3,2077,2077,Estornado,4154.48,
731,3,2080,2080,Estornado,5743.67,
732,3,2085,2085,Pendente,1345.83,
733,3,2089,2089,Concluído,9923.58,2025-04-21 16:18:44
734,3,2090,2090,Estornado,3036.60,
735,3,2092,2092,Pendente,2848.55,
736,3,2095,2095,Falhou,4175.72,
737,3,2103,2103,Estornado,2782.23,
738,3,2104,2104,Concluído,4960.69,2025-02-12 15:58:17
739,3,2106,2106,Processando,7915.69,
740,3,2107,2107,Concluído,3510.39,2025-04-12 10:07:15
741,3,2112,2112,Pendente,7111.91,
742,3,2113,2113,Concluído,2215.43,2025-02-08 21:27:22
743,3,2119,2119,Falhou,5583.95,
744,3,2122,2122,Pendente,3570.55,
745,3,2125,2125,Processando,9023.21,
746,3,2130,2130,Estornado,5026.08,
747,3,2131,2131,Concluído,6823.49,2025-04-15 16:52:25
748,3,2133,2133,Estornado,3575.59,
749,3,2136,2136,Processando,4381.84,
750,3,2137,2137,Pendente,8778.04,
751,3,2141,2141,Estornado,8275.18,
752,3,2144,2144,Estornado,2069.61,
753,3,2145,2145,Concluído,479.31,2025-04-23 17:52:55
754,3,2149,2149,Processando,5627.87,
755,3,2169,2169,Concluído,8560.12,2025-02-04 16:04:44
756,3,2175,2175,Pendente,6225.51,
757,3,2181,2181,Falhou,8222.41,
758,3,2188,2188,Processando,7893.50,
759,3,2191,2191,Concluído,7090.45,2025-03-11 10:14:25
760,3,2195,2195,Processando,7108.18,
761,3,2197,2197,Falhou,8703.87,
762,3,2199,2199,Pendente,1937.47,
763,3,2200,2200,Processando,138.23,
764,3,2207,2207,Concluído,8798.07,2024-12-25 21:41:16
765,3,2208,2208,Estornado,3176.64,
766,3,2210,2210,Pendente,4854.33,
767,3,2212,2212,Concluído,5304.25,2025-03-30 16:55:51
768,3,2214,2214,Pendente,6584.17,
769,3,2215,2215,Falhou,843.65,
770,3,2216,2216,Concluído,760.98,2025-01-21 01:06:44
771,3,2219,2219,Estornado,1630.84,
772,3,2220,2220,Estornado,28.77,
773,3,2221,2221,Estornado,6219.17,
774,3,2224,2224,Pendente,1958.85,
775,3,2227,2227,Processando,8826.15,
776,3,2235,2235,Pendente,3027.32,
777,3,2242,2242,Concluído,7674.01,2025-03-15 22:27:33
778,3,2244,2244,Estornado,6125.50,
779,3,2252,2252,Pendente,3009.82,
780,3,2259,2259,Concluído,251.05,2025-04-02 10:42:32
781,3,2260,2260,Pendente,5143.07,
782,3,2261,2261,Concluído,5713.44,2025-04-25 04:06:05
783,3,2265,2265,Falhou,3695.54,
784,3,2266,2266,Pendente,4399.61,
785,3,2268,2268,Processando,9124.52,
786,3,2274,2274,Estornado,5924.23,
787,3,2275,2275,Concluído,9590.45,2025-04-25 15:53:33
788,3,2276,2276,Pendente,4813.16,
789,3,2278,2278,Concluído,7662.26,2025-02-27 08:30:57
790,3,2282,2282,Pendente,643.21,
791,3,2285,2285,Falhou,1475.71,
792,3,2287,2287,Processando,8218.91,
793,3,2290,2290,Concluído,7883.55,2025-04-23 14:31:27
794,3,2292,2292,Falhou,8025.67,
795,3,2296,2296,Concluído,765.92,2025-03-04 13:09:36
796,3,2302,2302,Falhou,9288.32,
797,3,2305,2305,Pendente,2576.97,
798,3,2308,2308,Pendente,5401.45,
799,3,2309,2309,Pendente,2946.77,
800,3,2314,2314,Pendente,7416.27,
801,3,2321,2321,Falhou,3156.07,
802,3,2323,2323,Concluído,5720.20,2025-01-03 15:08:07
803,3,2325,2325,Estornado,6484.84,
804,3,2326,2326,Estornado,9546.83,
805,3,2329,2329,Pendente,1042.27,
806,3,2331,2331,Processando,7230.60,
807,3,2334,2334,Processando,9368.99,
808,3,2341,2341,Estornado,8609.03,
809,3,2342,2342,Falhou,2037.04,
810,3,2350,2350,Processando,3678.87,
811,3,2352,2352,Falhou,8270.42,
812,3,2353,2353,Falhou,5854.62,
813,3,2356,2356,Concluído,2529.52,2025-04-20 20:59:35
814,3,2357,2357,Pendente,5152.25,
815,3,2362,2362,Estornado,5330.50,
816,3,2367,2367,Processando,5299.55,
817,3,2368,2368,Estornado,4488.76,
818,3,2370,2370,Concluído,8846.69,2025-03-20 02:44:33
819,3,2372,2372,Falhou,1415.85,
820,3,2376,2376,Falhou,55.45,
821,3,2379,2379,Falhou,6472.11,
822,3,2380,2380,Concluído,1384.58,2025-03-20 06:34:52
823,3,2386,2386,Falhou,4241.30,
824,3,2392,2392,Pendente,208.07,
825,3,2395,2395,Processando,1737.91,
826,3,2398,2398,Pendente,9514.38,
827,3,2399,2399,Processando,5831.59,
828,3,2400,2400,Processando,7694.82,
829,3,2402,2402,Concluído,4722.92,2025-04-26 08:02:34
830,3,2403,2403,Pendente,4058.51,
831,3,2408,2408,Pendente,7468.90,
832,3,2410,2410,Estornado,9910.58,
833,3,2414,2414,Concluído,1653.75,2025-04-21 21:26:18
834,3,2418,2418,Processando,5806.19,
835,3,2419,2419,Estornado,2751.24,
836,3,2422,2422,Concluído,9207.26,2025-04-13 17:00:28
837,3,2424,2424,Processando,4000.52,
838,3,2432,2432,Pendente,1429.56,
839,3,2435,2435,Concluído,8845.37,2025-02-15 17:10:51
840,3,2436,2436,Estornado,6282.20,
841,3,2437,2437,Falhou,3919.85,
842,3,2440,2440,Falhou,7317.04,
843,3,2441,2441,Estornado,1872.61,
844,3,2444,2444,Processando,7424.29,
845,3,2447,2447,Processando,3955.25,
846,3,2451,2451,Processando,361.22,
847,3,2453,2453,Falhou,569.26,
848,3,2454,2454,Estornado,4372.95,
849,3,2455,2455,Processando,7315.02,
850,3,2456,2456,Concluído,2554.18,2025-04-09 16:07:24
851,3,2457,2457,Concluído,1512.55,2025-04-20 08:38:40
852,3,2459,2459,Pendente,3819.14,
853,3,2465,2465,Estornado,2391.06,
854,3,2466,2466,Falhou,8203.32,
855,3,2469,2469,Processando,1400.05,
856,3,2470,2470,Estornado,4684.13,
857,3,2475,2475,Concluído,1722.50,2025-02-24 17:35:36
858,3,2476,2476,Falhou,4029.94,
859,3,2477,2477,Processando,4128.20,
860,3,2480,2480,Pendente,6545.23,
861,3,2481,2481,Concluído,9638.13,2025-03-06 22:33:33
862,3,2482,2482,Pendente,8987.63,
863,3,2484,2484,Estornado,2647.25,
864,3,2488,2488,Falhou,9960.44,
865,3,2489,2489,Pendente,4722.14,
866,3,2491,2491,Concluído,7517.40,2025-04-30 07:08:53
867,3,2495,2495,Estornado,5855.46,
868,3,2499,2499,Estornado,5341.71,
869,3,2501,2501,Concluído,1186.67,2025-01-30 18:34:16
870,3,2503,2503,Concluído,9845.29,2025-05-01 08:39:25
871,3,2504,2504,Estornado,2805.85,
872,3,2516,2516,Estornado,1162.72,
873,3,2517,2517,Falhou,1334.53,
874,3,2520,2520,Pendente,5861.62,
875,3,2521,2521,Processando,4553.43,
876,3,2523,2523,Concluído,5277.42,2025-03-23 20:04:50
877,3,2526,2526,Processando,6465.81,
878,3,2528,2528,Processando,2783.96,
879,3,2529,2529,Falhou,4172.75,
880,3,2530,2530,Estornado,6961.22,
881,3,2532,2532,Processando,1340.91,
882,3,2536,2536,Pendente,9010.07,
883,3,2544,2544,Pendente,4496.39,
884,3,2548,2548,Pendente,2907.26,
885,3,2551,2551,Pendente,9561.35,
886,3,2553,2553,Pendente,8599.24,
887,3,2555,2555,Pendente,4514.34,
888,3,2558,2558,Processando,8106.84,
889,3,2560,2560,Estornado,5107.93,
890,3,2562,2562,Falhou,2787.54,
891,3,2564,2564,Falhou,8702.34,
892,3,2565,2565,Falhou,9186.01,
893,3,2566,2566,Falhou,3987.13,
894,3,2573,2573,Estornado,3283.89,
895,3,2579,2579,Falhou,3326.13,
896,3,2581,2581,Falhou,427.01,
897,3,2583,2583,Estornado,8185.37,
898,3,2587,2587,Falhou,6427.01,
899,3,2590,2590,Processando,8808.19,
900,3,2593,2593,Processando,9352.79,
901,3,2605,2605,Concluído,4521.68,2025-04-28 19:42:40
902,3,2614,2614,Estornado,120.21,
903,3,2617,2617,Falhou,8616.57,
904,3,2620,2620,Processando,2958.64,
905,3,2622,2622,Pendente,8826.61,
906,3,2624,2624,Falhou,1537.17,
907,3,2625,2625,Concluído,1865.39,2025-04-23 13:07:31
908,3,2627,2627,Estornado,9163.41,
909,3,2631,2631,Falhou,7107.12,
910,3,2633,2633,Concluído,3511.51,2024-12-12 01:45:47
911,3,2637,2637,Estornado,2375.68,
912,3,2638,2638,Estornado,8207.79,
913,3,2639,2639,Falhou,9523.05,
914,3,2646,2646,Processando,8326.30,
915,3,2647,2647,Concluído,8112.88,2025-04-15 16:48:25
916,3,2648,2648,Concluído,2946.58,2025-04-23 22:42:34
917,3,2650,2650,Falhou,8638.83,
918,3,2652,2652,Processando,4969.80,
919,3,2653,2653,Estornado,4266.98,
920,3,2658,2658,Pendente,3779.36,
921,3,2661,2661,Estornado,9156.75,
922,3,2662,2662,Estornado,4168.27,
923,3,2664,2664,Concluído,7219.49,2024-12-24 01:40:37
924,3,2665,2665,Pendente,7288.72,
925,3,2666,2666,Processando,2663.37,
926,3,2667,2667,Processando,8035.85,
927,3,2669,2669,Estornado,5988.51,
928,3,2674,2674,Pendente,38.69,
929,3,2676,2676,Falhou,4500.00,
930,3,2677,2677,Concluído,696.89,2025-04-17 09:10:05
931,3,2683,2683,Pendente,5233.24,
932,3,2695,2695,Falhou,2588.02,
933,3,2696,2696,Processando,4843.07,
934,3,2698,2698,Concluído,9881.47,2025-03-31 11:44:44
935,3,2703,2703,Processando,9781.41,
936,3,2708,2708,Estornado,5401.60,
937,3,2710,2710,Processando,193.12,
938,3,2713,2713,Processando,7057.21,
939,3,2715,2715,Concluído,2692.58,2025-04-12 06:49:04
940,3,2719,2719,Pendente,4669.33,
941,3,2721,2721,Pendente,2496.48,
942,3,2722,2722,Concluído,7349.17,2024-12-06 02:54:54
943,3,2724,2724,Estornado,8724.57,
944,3,2726,2726,Pendente,7812.03,
945,3,2727,2727,Falhou,7175.24,
946,3,2728,2728,Concluído,611.95,2025-04-19 23:55:00
947,3,2729,2729,Concluído,7703.26,2024-12-26 05:38:54
948,3,2733,2733,Processando,1334.39,
949,3,2737,2737,Falhou,6684.76,
950,3,2741,2741,Processando,8255.77,
951,3,2745,2745,Concluído,120.01,2025-03-20 12:33:38
952,3,2747,2747,Concluído,7162.86,2025-03-29 04:20:54
953,3,2749,2749,Concluído,8618.34,2025-02-16 12:30:55
954,3,2754,2754,Concluído,7767.44,2025-02-17 11:10:59
955,3,2758,2758,Processando,1996.41,
956,3,2761,2761,Processando,6167.89,
957,3,2765,2765,Falhou,9003.58,
958,3,2770,2770,Processando,4619.74,
959,3,2771,2771,Falhou,733.76,
960,3,2772,2772,Concluído,7467.53,2025-04-24 22:28:58
961,3,2774,2774,Falhou,2978.56,
962,3,2775,2775,Estornado,1684.20,
963,3,2776,2776,Processando,2757.09,
964,3,2778,2778,Estornado,2166.65,
965,3,2780,2780,Falhou,6228.62,
966,3,2781,2781,Processando,7084.93,
967,3,2783,2783,Falhou,428.29,
968,3,2784,2784,Estornado,9748.53,
969,3,2785,2785,Concluído,8698.47,2025-02-12 12:26:31
970,3,2786,2786,Estornado,3335.58,
971,3,2789,2789,Estornado,4796.23,
972,3,2790,2790,Falhou,6377.92,
973,3,2792,2792,Processando,9069.18,
974,3,2794,2794,Concluído,274.68,2025-03-21 16:53:18
975,3,2796,2796,Falhou,1224.66,
976,3,2798,2798,Concluído,6034.15,2025-02-24 20:18:31
977,3,2799,2799,Falhou,7193.89,
978,3,2800,2800,Processando,6729.65,
979,3,2801,2801,Estornado,7689.14,
980,3,2807,2807,Concluído,9722.54,2025-02-01 08:07:37
981,3,2813,2813,Pendente,2038.12,
982,3,2814,2814,Estornado,3169.75,
983,3,2815,2815,Concluído,536.23,2025-02-23 16:02:28
984,3,2817,2817,Concluído,6695.42,2025-02-15 23:21:58
985,3,2822,2822,Processando,6008.16,
986,3,2824,2824,Pendente,6072.65,
987,3,2829,2829,Concluído,6892.83,2025-01-12 18:01:58
988,3,2831,2831,Concluído,8758.25,2025-03-19 18:13:39
989,3,2832,2832,Processando,7284.50,
990,3,2834,2834,Pendente,4514.27,
991,3,2837,2837,Estornado,4256.01,
992,3,2838,2838,Pendente,4078.83,
993,3,2843,2843,Processando,9567.85,
994,3,2845,2845,Concluído,8706.22,2024-12-18 11:32:27
995,3,2850,2850,Estornado,2089.44,
996,3,2852,2852,Processando,2640.38,
997,3,2854,2854,Falhou,2951.28,
998,3,2855,2855,Falhou,2924.47,
999,3,2859,2859,Concluído,4371.18,2025-04-10 02:52:08
1000,3,2861,2861,Processando,6245.88,
1001,3,2862,2862,Concluído,8610.39,2025-03-10 10:06:36
1002,3,2863,2863,Pendente,7013.46,
1003,3,2869,2869,Falhou,9742.35,
1004,3,2876,2876,Estornado,7191.04,
1005,3,2877,2877,Estornado,22.18,
1006,3,2878,2878,Falhou,2257.45,
1007,3,2882,2882,Estornado,6417.76,
1008,3,2892,2892,Concluído,4085.46,2024-11-27 08:08:47
1009,3,2894,2894,Concluído,6304.48,2025-03-21 06:22:11
1010,3,2899,2899,Estornado,8753.62,
1011,3,2900,2900,Pendente,6291.29,
1012,3,2904,2904,Concluído,1001.43,2024-12-16 03:16:35
1013,3,2905,2905,Processando,7669.25,
1014,3,2907,2907,Estornado,4026.76,
1015,3,2908,2908,Pendente,409.58,
1016,3,2909,2909,Pendente,7138.22,
1017,3,2911,2911,Estornado,8461.15,
1018,3,2912,2912,Falhou,1229.12,
1019,3,2913,2913,Processando,9246.22,
1020,3,2914,2914,Falhou,7970.29,
1021,3,2919,2919,Estornado,8282.47,
1022,3,2920,2920,Estornado,6682.68,
1023,3,2922,2922,Concluído,379.60,2025-02-08 11:52:48
1024,3,2924,2924,Pendente,2271.04,
1025,3,2925,2925,Concluído,1792.29,2025-01-10 20:52:29
1026,3,2928,2928,Concluído,886.92,2025-04-27 19:49:33
1027,3,2929,2929,Concluído,1089.50,2025-04-02 05:11:51
1028,3,2931,2931,Falhou,9180.71,
1029,3,2932,2932,Processando,2300.34,
1030,3,2933,2933,Concluído,7571.08,2025-04-10 03:38:03
1031,3,2934,2934,Estornado,7613.09,
1032,3,2936,2936,Concluído,8767.07,2025-01-29 08:38:30
1033,3,2938,2938,Falhou,7417.48,
1034,3,2941,2941,Concluído,5801.77,2025-04-04 04:31:38
1035,3,2948,2948,Estornado,4452.50,
1036,3,2950,2950,Estornado,4143.53,
1037,3,2952,2952,Pendente,6909.07,
1038,3,2955,2955,Falhou,7794.67,
1039,3,2956,2956,Falhou,3728.85,
1040,3,2959,2959,Falhou,8164.99,
1041,3,2960,2960,Pendente,5159.45,
1042,3,2961,2961,Pendente,1404.02,
1043,3,2966,2966,Pendente,1460.27,
1044,3,2967,2967,Concluído,3718.41,2025-01-30 22:40:45
1045,3,2973,2973,Concluído,7708.53,2025-04-16 03:26:08
1046,3,2974,2974,Falhou,3176.72,
1047,3,2975,2975,Falhou,4835.56,
1048,3,2981,2981,Estornado,1527.97,
1049,3,2985,2985,Estornado,9060.10,
1050,3,2986,2986,Pendente,753.73,
1051,3,2988,2988,Estornado,2694.92,
1052,3,2989,2989,Pendente,4358.83,
1053,3,2992,2992,Concluído,1760.17,2025-03-11 06:44:06
1054,3,2993,2993,Falhou,1475.97,
1055,3,2999,2999,Concluído,946.96,2025-03-20 21:40:32
1056,3,3004,3004,Processando,5868.22,
1057,3,3005,3005,Concluído,9727.88,2025-04-24 11:29:20
1058,3,3008,3008,Falhou,5739.76,
1059,3,3010,3010,Estornado,9338.88,
1060,3,3011,3011,Concluído,8312.48,2025-03-04 05:52:15
1061,3,3012,3012,Concluído,1711.77,2025-04-29 04:30:31
1062,3,3013,3013,Pendente,3891.47,
1063,3,3015,3015,Estornado,7748.25,
1064,3,3017,3017,Pendente,245.58,
1065,3,3021,3021,Concluído,4687.51,2025-01-23 06:10:59
1066,3,3022,3022,Concluído,6193.74,2025-04-19 04:51:53
1067,3,3025,3025,Falhou,7873.05,
1068,3,3029,3029,Estornado,2320.62,
1069,3,3033,3033,Processando,5655.86,
1070,3,3034,3034,Concluído,3821.70,2025-04-29 10:51:25
1071,3,3036,3036,Processando,791.49,
1072,3,3038,3038,Processando,2898.18,
1073,3,3051,3051,Falhou,6359.82,
1074,3,3054,3054,Processando,7930.93,
1075,3,3063,3063,Concluído,5376.13,2025-01-05 19:51:05
1076,3,3072,3072,Estornado,6470.51,
1077,3,3075,3075,Estornado,8707.69,
1078,3,3077,3077,Falhou,8228.37,
1079,3,3079,3079,Processando,5008.50,
1080,3,3080,3080,Pendente,3406.93,
1081,3,3081,3081,Concluído,8540.65,2025-04-25 22:43:39
1082,3,3085,3085,Estornado,3321.34,
1083,3,3088,3088,Estornado,7538.98,
1084,3,3094,3094,Falhou,6167.13,
1085,3,3099,3099,Falhou,1919.31,
1086,3,3100,3100,Concluído,2671.15,2025-04-19 16:54:22
1087,3,3106,3106,Pendente,5162.87,
1088,3,3107,3107,Processando,8617.52,
1089,3,3111,3111,Estornado,2958.68,
1090,3,3113,3113,Falhou,345.68,
1091,3,3116,3116,Estornado,9036.94,
1092,3,3122,3122,Concluído,2244.96,2024-12-03 12:38:05
1093,3,3123,3123,Concluído,3864.24,2025-02-07 15:56:36
1094,3,3127,3127,Falhou,166.74,
1095,3,3129,3129,Pendente,8671.00,
1096,3,3130,3130,Concluído,572.44,2025-03-19 23:32:08
1097,3,3132,3132,Estornado,7899.12,
1098,3,3138,3138,Falhou,403.91,
1099,3,3139,3139,Processando,5543.27,
1100,3,3140,3140,Estornado,1806.13,
1101,3,3141,3141,Concluído,6852.65,2025-04-25 16:22:58
1102,3,3142,3142,Processando,5303.03,
1103,3,3144,3144,Pendente,4415.43,
1104,3,3148,3148,Pendente,9401.53,
1105,3,3152,3152,Processando,8134.80,
1106,3,3162,3162,Processando,8467.68,
1107,3,3165,3165,Falhou,3310.85,
1108,3,3169,3169,Falhou,479.99,
1109,3,3174,3174,Concluído,9420.31,2025-04-18 21:02:38
1110,3,3178,3178,Concluído,1407.56,2025-05-01 16:08:48
1111,3,3185,3185,Estornado,3658.29,
1112,3,3187,3187,Pendente,6798.56,
1113,3,3194,3194,Estornado,1263.07,
1114,3,3199,3199,Pendente,3995.59,
1115,3,3201,3201,Pendente,6282.83,
1116,3,3202,3202,Pendente,8202.47,
1117,3,3204,3204,Pendente,2276.68,
1118,3,3209,3209,Falhou,6426.37,
1119,3,3210,3210,Processando,6181.51,
1120,3,3211,3211,Processando,93.78,
1121,3,3215,3215,Processando,4695.02,
1122,3,3218,3218,Estornado,9930.71,
1123,3,3219,3219,Processando,1858.93,
1124,3,3221,3221,Concluído,3145.48,2025-04-24 17:24:22
1125,3,3229,3229,Processando,465.42,
1126,3,3230,3230,Concluído,706.22,2025-02-26 09:35:25
1127,3,3232,3232,Pendente,9604.38,
1128,3,3237,3237,Processando,1917.76,
1129,3,3239,3239,Estornado,3469.62,
1130,3,3241,3241,Pendente,2076.38,
1131,3,3243,3243,Estornado,4253.12,
1132,3,3245,3245,Estornado,1131.04,
1133,3,3253,3253,Pendente,7429.52,
1134,3,3259,3259,Concluído,6880.69,2025-04-13 16:28:01
1135,3,3260,3260,Estornado,8668.43,
1136,3,3262,3262,Estornado,8500.98,
1137,3,3263,3263,Pendente,8193.51,
1138,3,3265,3265,Processando,7337.70,
1139,3,3268,3268,Concluído,6492.21,2025-04-04 21:14:38
1140,3,3269,3269,Estornado,7043.11,
1141,3,3271,3271,Estornado,179.91,
1142,3,3272,3272,Pendente,7265.46,
1143,3,3280,3280,Concluído,7176.91,2025-04-21 07:52:56
1144,3,3281,3281,Concluído,1401.93,2025-03-08 03:00:20
1145,3,3282,3282,Estornado,5480.75,
1146,3,3284,3284,Processando,7619.75,
1147,3,3287,3287,Concluído,91.95,2025-01-25 12:52:29
1148,3,3290,3290,Estornado,7776.94,
1149,3,3295,3295,Falhou,5519.11,
1150,3,3298,3298,Pendente,3315.36,
1151,3,3299,3299,Pendente,4648.74,
1152,3,3302,3302,Concluído,9015.46,2025-03-08 01:11:16
1153,3,3306,3306,Falhou,9802.97,
1154,3,3308,3308,Falhou,9778.81,
1155,3,3312,3312,Pendente,9380.07,
1156,3,3313,3313,Concluído,371.64,2025-03-16 01:54:37
1157,3,3314,3314,Processando,9873.32,
1158,3,3315,3315,Falhou,2130.20,
1159,3,3319,3319,Concluído,6037.75,2025-03-29 11:35:49
1160,3,3320,3320,Concluído,8242.28,2025-04-10 04:42:18
1161,3,3325,3325,Estornado,261.88,
1162,3,3326,3326,Pendente,3030.55,
1163,3,3327,3327,Estornado,6092.54,
1164,3,3329,3329,Concluído,9698.76,2025-02-19 22:31:33
1165,3,3332,3332,Processando,3046.91,
1166,3,3333,3333,Pendente,9089.83,
1167,3,3334,3334,Concluído,9175.57,2025-04-27 00:49:27
1168,3,3337,3337,Estornado,3437.84,
1169,3,3339,3339,Pendente,6227.81,
1170,3,3343,3343,Pendente,8466.69,
1171,3,3347,3347,Pendente,5510.01,
1172,3,3348,3348,Concluído,9447.07,2025-04-26 04:57:18
1173,3,3350,3350,Concluído,9952.77,2025-01-15 21:26:55
1174,3,3352,3352,Falhou,4286.26,
1175,3,3356,3356,Falhou,9168.13,
1176,3,3357,3357,Estornado,9306.59,
1177,3,3358,3358,Estornado,5230.67,
1178,3,3361,3361,Falhou,1911.34,
1179,3,3363,3363,Pendente,8166.78,
1180,3,3377,3377,Falhou,2924.94,
1181,3,3381,3381,Falhou,8796.53,
1182,3,3383,3383,Pendente,4925.09,
1183,3,3384,3384,Falhou,7765.10,
1184,3,3389,3389,Estornado,292.33,
1185,3,3390,3390,Estornado,6344.28,
1186,3,3391,3391,Estornado,4884.73,
1187,3,3396,3396,Pendente,2149.48,
1188,3,3397,3397,Falhou,4998.98,
1189,3,3398,3398,Pendente,3057.31,
1190,3,3399,3399,Estornado,2665.93,
1191,3,3401,3401,Processando,1490.51,
1192,3,3402,3402,Processando,47.05,
1193,3,3403,3403,Processando,9341.40,
1194,3,3405,3405,Estornado,7928.71,
1195,3,3408,3408,Falhou,7627.33,
1196,3,3409,3409,Processando,2274.46,
1197,3,3411,3411,Estornado,4132.36,
1198,3,3413,3413,Processando,5592.75,
1199,3,3426,3426,Concluído,2814.09,2025-04-08 05:37:44
1200,3,3429,3429,Processando,8367.85,
1201,3,3431,3431,Falhou,5393.52,
1202,3,3440,3440,Pendente,5865.41,
1203,3,3444,3444,Processando,9942.65,
1204,3,3446,3446,Pendente,2746.34,
1205,3,3447,3447,Estornado,6874.00,
1206,3,3450,3450,Falhou,9896.41,
1207,3,3453,3453,Processando,7135.90,
1208,3,3456,3456,Concluído,5146.68,2025-04-03 11:04:54
1209,3,3460,3460,Processando,3734.90,
1210,3,3462,3462,Estornado,3389.05,
1211,3,3465,3465,Pendente,3999.71,
1212,3,3466,3466,Pendente,9017.49,
1213,3,3467,3467,Pendente,8342.93,
1214,3,3469,3469,Falhou,3501.37,
1215,3,3472,3472,Falhou,8682.50,
1216,3,3473,3473,Concluído,5196.60,2025-02-03 11:50:03
1217,3,3474,3474,Pendente,8170.51,
1218,3,3475,3475,Concluído,8967.15,2025-03-13 06:07:17
1219,3,3476,3476,Estornado,2837.28,
1220,3,3485,3485,Pendente,3407.37,
1221,3,3487,3487,Estornado,6782.73,
1222,3,3488,3488,Falhou,6707.03,
1223,3,3493,3493,Pendente,458.75,
1224,3,3494,3494,Estornado,6579.50,
1225,3,3499,3499,Falhou,9835.61,
1226,3,3500,3500,Estornado,7578.13,
1227,3,3502,3502,Estornado,2280.69,
1228,3,3506,3506,Pendente,553.56,
1229,3,3509,3509,Processando,2654.44,
1230,3,3525,3525,Pendente,6763.04,
1231,3,3526,3526,Falhou,4879.40,
1232,3,3527,3527,Processando,9559.10,
1233,3,3532,3532,Pendente,1806.93,
1234,3,3533,3533,Falhou,3343.58,
1235,3,3534,3534,Falhou,3685.73,
1236,3,3535,3535,Processando,8529.72,
1237,3,3539,3539,Falhou,6803.82,
1238,3,3540,3540,Falhou,8406.13,
1239,3,3542,3542,Estornado,6756.87,
1240,3,3543,3543,Estornado,8106.66,
1241,3,3550,3550,Concluído,710.85,2025-04-27 19:24:30
1242,3,3554,3554,Falhou,4921.86,
1243,3,3555,3555,Falhou,679.25,
1244,3,3556,3556,Estornado,4824.18,
1245,3,3558,3558,Processando,8204.60,
1246,3,3561,3561,Falhou,4740.70,
1247,3,3565,3565,Processando,7961.85,
1248,3,3568,3568,Estornado,3711.64,
1249,3,3569,3569,Processando,9217.09,
1250,3,3571,3571,Concluído,7041.64,2025-04-30 06:33:17
1251,3,3573,3573,Pendente,804.41,
1252,3,3576,3576,Pendente,5561.81,
1253,3,3577,3577,Processando,5154.26,
1254,3,3582,3582,Processando,9943.52,
1255,3,3583,3583,Processando,5976.39,
1256,3,3584,3584,Pendente,8353.59,
1257,3,3588,3588,Pendente,6736.63,
1258,3,3589,3589,Estornado,8960.01,
1259,3,3594,3594,Concluído,5044.90,2025-03-23 10:28:59
1260,3,3596,3596,Falhou,2188.85,
1261,3,3597,3597,Falhou,2800.02,
1262,3,3602,3602,Falhou,1772.26,
1263,3,3604,3604,Concluído,2483.63,2025-03-30 00:50:45
1264,3,3605,3605,Falhou,898.72,
1265,3,3607,3607,Estornado,3106.31,
1266,3,3608,3608,Processando,6666.65,
1267,3,3609,3609,Processando,5821.20,
1268,3,3613,3613,Concluído,9229.28,2025-01-21 10:49:11
1269,3,3616,3616,Falhou,2041.31,
1270,3,3617,3617,Processando,6844.84,
1271,3,3620,3620,Estornado,9194.79,
1272,3,3622,3622,Pendente,2203.76,
1273,3,3624,3624,Falhou,4521.03,
1274,3,3626,3626,Processando,5806.74,
1275,3,3632,3632,Falhou,8777.77,
1276,3,3633,3633,Falhou,4456.89,
1277,3,3634,3634,Falhou,3915.85,
1278,3,3637,3637,Estornado,2984.32,
1279,3,3638,3638,Falhou,1513.10,
1280,3,3643,3643,Concluído,416.55,2025-04-03 16:32:01
1281,3,3644,3644,Concluído,7480.63,2025-02-05 04:52:54
1282,3,3646,3646,Falhou,7222.09,
1283,3,3647,3647,Processando,8425.98,
1284,3,3651,3651,Pendente,4537.41,
1285,3,3653,3653,Concluído,85.53,2025-02-10 03:01:38
1286,3,3660,3660,Falhou,3705.23,
1287,3,3661,3661,Falhou,261.92,
1288,3,3662,3662,Estornado,9497.36,
1289,3,3664,3664,Processando,57.84,
1290,3,3668,3668,Falhou,4299.52,
1291,3,3669,3669,Falhou,7179.90,
1292,3,3671,3671,Concluído,6451.51,2025-03-13 04:59:57
1293,3,3672,3672,Falhou,9353.25,
1294,3,3678,3678,Processando,7787.78,
1295,3,3679,3679,Processando,884.21,
1296,3,3682,3682,Pendente,9058.95,
1297,3,3684,3684,Falhou,2727.44,
1298,3,3688,3688,Falhou,3659.12,
1299,3,3689,3689,Processando,7257.89,
1300,3,3696,3696,Falhou,3586.15,
1301,3,3699,3699,Concluído,8105.37,2025-04-27 22:59:40
1302,3,3700,3700,Falhou,3348.61,
1303,3,3701,3701,Concluído,2456.42,2025-04-30 00:25:12
1304,3,3703,3703,Pendente,8912.04,
1305,3,3704,3704,Processando,2643.74,
1306,3,3708,3708,Falhou,2078.93,
1307,3,3709,3709,Pendente,3916.45,
1308,3,3713,3713,Processando,272.28,
1309,3,3715,3715,Concluído,4226.04,2025-04-23 18:40:05
1310,3,3716,3716,Concluído,130.57,2025-04-26 09:29:15
1311,3,3718,3718,Pendente,393.78,
1312,3,3720,3720,Estornado,6708.67,
1313,3,3723,3723,Estornado,3399.16,
1314,3,3724,3724,Estornado,1404.42,
1315,3,3725,3725,Concluído,2418.54,2025-01-12 02:28:57
1316,3,3726,3726,Concluído,2537.24,2025-03-08 13:56:20
1317,3,3728,3728,Processando,3383.54,
1318,3,3729,3729,Pendente,9635.37,
1319,3,3731,3731,Falhou,6705.00,
1320,3,3734,3734,Falhou,1416.36,
1321,3,3737,3737,Processando,1652.47,
1322,3,3738,3738,Processando,969.38,
1323,3,3739,3739,Concluído,8968.29,2025-05-01 08:20:07
1324,3,3743,3743,Falhou,3082.06,
1325,3,3745,3745,Estornado,9125.53,
1326,3,3749,3749,Concluído,8836.32,2024-12-27 21:14:17
1327,3,3753,3753,Estornado,7985.39,
1328,3,3759,3759,Processando,7485.62,
1329,3,3760,3760,Estornado,7130.72,
1330,3,3761,3761,Estornado,2445.73,
1331,3,3763,3763,Falhou,3560.95,
1332,3,3764,3764,Falhou,1527.54,
1333,3,3767,3767,Pendente,1660.90,
1334,3,3769,3769,Processando,7359.56,
1335,3,3771,3771,Processando,4612.38,
1336,3,3773,3773,Estornado,4088.42,
1337,3,3777,3777,Falhou,4207.48,
1338,3,3779,3779,Processando,6592.21,
1339,3,3780,3780,Pendente,3710.43,
1340,3,3784,3784,Estornado,9110.57,
1341,3,3802,3802,Falhou,9526.33,
1342,3,3806,3806,Pendente,1968.81,
1343,3,3808,3808,Falhou,5528.63,
1344,3,3810,3810,Processando,4635.10,
1345,3,3811,3811,Falhou,1516.70,
1346,3,3813,3813,Processando,7217.13,
1347,3,3817,3817,Estornado,6104.86,
1348,3,3821,3821,Estornado,8497.64,
1349,3,3824,3824,Pendente,8098.12,
1350,3,3825,3825,Pendente,2963.74,
1351,3,3827,3827,Pendente,1764.07,
1352,3,3828,3828,Estornado,6659.00,
1353,3,3829,3829,Falhou,551.95,
1354,3,3832,3832,Processando,3030.61,
1355,3,3837,3837,Processando,6136.79,
1356,3,3838,3838,Concluído,5715.19,2025-04-03 21:59:54
1357,3,3846,3846,Processando,7018.05,
1358,3,3849,3849,Falhou,6601.69,
1359,3,3858,3858,Pendente,4588.65,
1360,3,3859,3859,Pendente,3958.91,
1361,3,3860,3860,Estornado,4061.29,
1362,3,3866,3866,Concluído,3567.31,2025-03-13 19:50:55
1363,3,3867,3867,Processando,5412.64,
1364,3,3868,3868,Estornado,1207.50,
1365,3,3869,3869,Processando,3839.90,
1366,3,3870,3870,Concluído,2003.08,2025-01-07 06:02:32
1367,3,3872,3872,Estornado,3051.80,
1368,3,3877,3877,Falhou,4625.31,
1369,3,3878,3878,Falhou,9847.76,
1370,3,3881,3881,Processando,7133.48,
1371,3,3884,3884,Processando,8235.67,
1372,3,3885,3885,Processando,1233.98,
1373,3,3886,3886,Pendente,7074.04,
1374,3,3890,3890,Falhou,2615.09,
1375,3,3891,3891,Pendente,8326.16,
1376,3,3895,3895,Concluído,8845.47,2025-02-27 23:07:08
1377,3,3897,3897,Processando,7627.17,
1378,3,3901,3901,Concluído,9093.24,2025-01-29 19:23:28
1379,3,3903,3903,Estornado,7025.87,
1380,3,3908,3908,Falhou,8633.87,
1381,3,3916,3916,Falhou,3800.83,
1382,3,3917,3917,Falhou,7443.14,
1383,3,3918,3918,Processando,1814.60,
1384,3,3919,3919,Processando,7700.43,
1385,3,3922,3922,Pendente,3860.23,
1386,3,3923,3923,Processando,1475.89,
1387,3,3925,3925,Concluído,6314.47,2025-02-24 01:37:38
1388,3,3926,3926,Concluído,36.09,2024-11-13 18:48:42
1389,3,3935,3935,Concluído,517.67,2024-12-31 23:34:14
1390,3,3936,3936,Concluído,5079.24,2025-03-25 07:58:24
1391,3,3937,3937,Concluído,8774.43,2025-04-18 21:10:23
1392,3,3945,3945,Processando,8804.33,
1393,3,3947,3947,Concluído,957.49,2025-04-25 11:38:47
1394,3,3948,3948,Estornado,8494.74,
1395,3,3949,3949,Falhou,1183.54,
1396,3,3951,3951,Processando,358.29,
1397,3,3953,3953,Estornado,1893.42,
1398,3,3956,3956,Concluído,5769.36,2025-04-18 05:25:58
1399,3,3957,3957,Estornado,619.70,
1400,3,3958,3958,Estornado,9263.63,
1401,3,3962,3962,Estornado,8987.74,
1402,3,3963,3963,Falhou,4227.43,
1403,3,3966,3966,Concluído,9078.74,2025-03-11 11:30:49
1404,3,3968,3968,Estornado,1886.58,
1405,3,3971,3971,Pendente,2835.65,
1406,3,3985,3985,Concluído,6195.96,2025-02-05 05:35:56
1407,3,3998,3998,Estornado,2961.49,
1408,3,4001,4001,Falhou,5653.50,
1409,3,4003,4003,Concluído,6442.83,2025-04-27 20:10:15
1410,3,4007,4007,Pendente,370.36,
1411,3,4009,4009,Estornado,4996.40,
1412,3,4011,4011,Falhou,9578.79,
1413,3,4020,4020,Processando,379.62,
1414,3,4022,4022,Pendente,7672.99,
1415,3,4024,4024,Falhou,7349.65,
1416,3,4026,4026,Estornado,701.37,
1417,3,4029,4029,Concluído,3752.14,2025-03-16 04:53:56
1418,3,4030,4030,Pendente,3822.04,
1419,3,4035,4035,Estornado,757.18,
1420,3,4037,4037,Pendente,1785.75,
1421,3,4040,4040,Processando,8228.82,
1422,3,4042,4042,Estornado,5046.69,
1423,3,4046,4046,Estornado,137.27,
1424,3,4049,4049,Falhou,898.10,
1425,3,4052,4052,Pendente,4752.31,
1426,3,4057,4057,Concluído,8195.90,2025-04-12 02:02:52
1427,3,4059,4059,Pendente,6405.29,
1428,3,4060,4060,Pendente,1340.88,
1429,3,4061,4061,Pendente,8410.78,
1430,3,4062,4062,Falhou,5789.69,
1431,3,4064,4064,Falhou,6576.86,
1432,3,4065,4065,Falhou,1534.92,
1433,3,4066,4066,Concluído,7417.79,2025-02-07 16:59:24
1434,3,4069,4069,Pendente,8394.01,
1435,3,4070,4070,Estornado,474.89,
1436,3,4071,4071,Falhou,3517.78,
1437,3,4075,4075,Pendente,1330.12,
1438,3,4078,4078,Processando,2463.27,
1439,3,4089,4089,Falhou,6453.86,
1440,3,4090,4090,Pendente,8414.79,
1441,3,4095,4095,Pendente,8979.60,
1442,3,4098,4098,Pendente,37.90,
1443,3,4100,4100,Falhou,5134.62,
1444,3,4101,4101,Pendente,2899.00,
1445,3,4103,4103,Pendente,1793.86,
1446,3,4106,4106,Processando,3349.59,
1447,3,4107,4107,Estornado,3025.30,
1448,3,4110,4110,Pendente,3133.32,
1449,3,4111,4111,Concluído,7290.84,2025-02-11 15:04:21
1450,3,4113,4113,Concluído,150.00,2025-04-24 05:03:28
1451,3,4114,4114,Falhou,6075.70,
1452,3,4117,4117,Concluído,7805.66,2025-02-01 09:23:06
1453,3,4118,4118,Concluído,3551.00,2025-04-01 12:36:18
1454,3,4119,4119,Pendente,1691.33,
1455,3,4123,4123,Pendente,6859.68,
1456,3,4124,4124,Concluído,6066.17,2025-03-20 07:55:51
1457,3,4125,4125,Processando,5370.85,
1458,3,4127,4127,Pendente,7034.62,
1459,3,4129,4129,Processando,4532.44,
1460,3,4130,4130,Pendente,4288.42,
1461,3,4133,4133,Processando,296.45,
1462,3,4136,4136,Pendente,2600.12,
1463,3,4137,4137,Processando,3640.48,
1464,3,4138,4138,Concluído,3306.51,2025-03-31 01:34:23
1465,3,4139,4139,Pendente,4342.40,
1466,3,4145,4145,Pendente,8902.62,
1467,3,4146,4146,Processando,4538.12,
1468,3,4150,4150,Estornado,3484.05,
1469,3,4156,4156,Falhou,4844.00,
1470,3,4158,4158,Falhou,399.89,
1471,3,4159,4159,Pendente,5110.03,
1472,3,4160,4160,Processando,4406.37,
1473,3,4162,4162,Concluído,825.51,2025-04-19 02:32:09
1474,3,4163,4163,Falhou,783.96,
1475,3,4165,4165,Processando,9687.50,
1476,3,4166,4166,Estornado,508.91,
1477,3,4167,4167,Falhou,2788.87,
1478,3,4168,4168,Concluído,210.32,2025-04-11 04:29:22
1479,3,4169,4169,Concluído,2478.93,2025-03-27 05:59:30
1480,3,4173,4173,Processando,6115.37,
1481,3,4179,4179,Falhou,4532.30,
1482,3,4185,4185,Pendente,5581.44,
1483,3,4189,4189,Estornado,5252.93,
1484,3,4190,4190,Falhou,1673.81,
1485,3,4193,4193,Falhou,5615.39,
1486,3,4194,4194,Concluído,1511.66,2025-04-26 08:11:31
1487,3,4198,4198,Pendente,398.07,
1488,3,4203,4203,Processando,5302.10,
1489,3,4205,4205,Estornado,2606.78,
1490,3,4209,4209,Processando,6934.40,
1491,3,4212,4212,Falhou,7135.03,
1492,3,4214,4214,Concluído,6588.47,2025-01-09 03:20:34
1493,3,4216,4216,Concluído,3332.63,2024-11-26 03:32:19
1494,3,4217,4217,Estornado,6122.31,
1495,3,4218,4218,Pendente,5105.50,
1496,3,4221,4221,Pendente,3952.97,
1497,3,4226,4226,Concluído,9442.11,2025-04-28 13:56:19
1498,3,4228,4228,Falhou,3807.53,
1499,3,4229,4229,Falhou,4365.09,
1500,3,4230,4230,Concluído,5143.55,2025-02-12 13:49:15
1501,3,4233,4233,Pendente,3198.61,
1502,3,4234,4234,Falhou,4569.74,
1503,3,4235,4235,Concluído,133.72,2025-03-29 15:38:27
1504,3,4238,4238,Concluído,3207.60,2025-02-26 11:38:26
1505,3,4242,4242,Concluído,230.67,2025-04-16 23:58:41
1506,3,4250,4250,Pendente,5812.66,
1507,3,4255,4255,Pendente,1149.03,
1508,3,4264,4264,Pendente,2494.87,
1509,3,4269,4269,Pendente,4016.53,
1510,3,4270,4270,Falhou,2872.29,
1511,3,4271,4271,Processando,188.68,
1512,3,4272,4272,Falhou,9454.91,
1513,3,4273,4273,Processando,9713.40,
1514,3,4275,4275,Falhou,2371.22,
1515,3,4276,4276,Concluído,8223.35,2025-01-25 03:09:51
1516,3,4281,4281,Pendente,9901.35,
1517,3,4282,4282,Pendente,6551.39,
1518,3,4283,4283,Concluído,856.81,2025-03-13 14:56:16
1519,3,4285,4285,Pendente,5594.64,
1520,3,4288,4288,Concluído,4300.32,2025-03-30 21:41:10
1521,3,4292,4292,Falhou,3835.80,
1522,3,4295,4295,Processando,1321.17,
1523,3,4298,4298,Falhou,6149.31,
1524,3,4299,4299,Concluído,3876.34,2025-02-28 08:51:07
1525,3,4300,4300,Falhou,6622.35,
1526,3,4301,4301,Pendente,2220.19,
1527,3,4302,4302,Concluído,2902.01,2025-04-21 21:38:12
1528,3,4305,4305,Estornado,7037.31,
1529,3,4307,4307,Estornado,4776.01,
1530,3,4309,4309,Processando,1941.14,
1531,3,4310,4310,Falhou,2532.86,
1532,3,4315,4315,Estornado,1382.03,
1533,3,4317,4317,Processando,8805.26,
1534,3,4322,4322,Pendente,5649.80,
1535,3,4325,4325,Falhou,61.64,
1536,3,4327,4327,Estornado,4915.06,
1537,3,4335,4335,Falhou,7238.19,
1538,3,4343,4343,Falhou,6503.49,
1539,3,4345,4345,Processando,2622.56,
1540,3,4356,4356,Processando,3158.81,
1541,3,4359,4359,Processando,6530.03,
1542,3,4363,4363,Processando,8027.87,
1543,3,4365,4365,Estornado,1080.85,
1544,3,4366,4366,Concluído,2858.77,2024-11-14 09:10:08
1545,3,4369,4369,Falhou,4229.73,
1546,3,4371,4371,Pendente,123.41,
1547,3,4372,4372,Concluído,6009.03,2025-01-13 10:16:36
1548,3,4377,4377,Pendente,8853.99,
1549,3,4384,4384,Concluído,1961.92,2025-04-03 23:52:10
1550,3,4386,4386,Concluído,1551.40,2025-03-16 19:02:36
1551,3,4387,4387,Pendente,1682.49,
1552,3,4388,4388,Processando,8455.98,
1553,3,4389,4389,Falhou,4149.39,
1554,3,4390,4390,Falhou,878.45,
1555,3,4399,4399,Processando,9532.15,
1556,3,4403,4403,Pendente,1460.34,
1557,3,4404,4404,Concluído,3045.29,2025-04-05 09:11:28
1558,3,4408,4408,Estornado,2791.84,
1559,3,4414,4414,Concluído,782.06,2025-02-20 11:07:26
1560,3,4417,4417,Concluído,5780.07,2025-03-30 00:43:08
1561,3,4418,4418,Falhou,4427.84,
1562,3,4421,4421,Concluído,8230.61,2025-02-09 18:06:23
1563,3,4422,4422,Estornado,4248.39,
1564,3,4424,4424,Processando,7562.90,
1565,3,4427,4427,Concluído,4545.04,2025-01-01 22:14:50
1566,3,4429,4429,Pendente,7641.63,
1567,3,4431,4431,Pendente,2342.98,
1568,3,4432,4432,Estornado,6937.18,
1569,3,4434,4434,Concluído,1437.11,2025-04-14 18:58:15
1570,3,4439,4439,Processando,712.60,
1571,3,4442,4442,Estornado,255.66,
1572,3,4444,4444,Pendente,3537.82,
1573,3,4448,4448,Pendente,6790.25,
1574,3,4449,4449,Estornado,3077.68,
1575,3,4454,4454,Pendente,8932.44,
1576,3,4456,4456,Falhou,6283.21,
1577,3,4457,4457,Concluído,6782.54,2025-04-24 07:15:05
1578,3,4461,4461,Estornado,6106.04,
1579,3,4466,4466,Estornado,2450.89,
1580,3,4472,4472,Processando,6108.56,
1581,3,4474,4474,Falhou,2607.34,
1582,3,4476,4476,Concluído,1213.23,2025-01-22 13:47:26
1583,3,4478,4478,Estornado,5341.18,
1584,3,4480,4480,Processando,9604.19,
1585,3,4481,4481,Concluído,3948.47,2025-03-16 22:08:36
1586,3,4483,4483,Concluído,8047.64,2025-04-03 05:42:16
1587,3,4484,4484,Concluído,8370.72,2024-12-25 10:59:30
1588,3,4485,4485,Concluído,6596.39,2025-04-15 10:19:44
1589,3,4486,4486,Processando,3115.20,
1590,3,4489,4489,Estornado,780.24,
1591,3,4491,4491,Pendente,2365.21,
1592,3,4495,4495,Estornado,9614.41,
1593,3,4497,4497,Pendente,6127.89,
1594,3,4502,4502,Pendente,8022.15,
1595,3,4503,4503,Falhou,7733.62,
1596,3,4505,4505,Estornado,278.07,
1597,3,4506,4506,Falhou,6448.87,
1598,3,4507,4507,Pendente,9027.34,
1599,3,4510,4510,Estornado,3945.65,
1600,3,4516,4516,Falhou,7871.74,
1601,3,4517,4517,Processando,8913.71,
1602,3,4519,4519,Concluído,5393.59,2025-04-10 11:41:18
1603,3,4520,4520,Falhou,4459.14,
1604,3,4522,4522,Processando,6819.32,
1605,3,4524,4524,Processando,3853.56,
1606,3,4527,4527,Processando,9499.37,
1607,3,4533,4533,Processando,7506.43,
1608,3,4535,4535,Processando,9164.17,
1609,3,4539,4539,Pendente,6344.56,
1610,3,4540,4540,Falhou,2794.60,
1611,3,4542,4542,Falhou,7878.04,
1612,3,4546,4546,Pendente,4090.99,
1613,3,4548,4548,Falhou,1715.74,
1614,3,4551,4551,Falhou,1366.93,
1615,3,4552,4552,Estornado,5853.70,
1616,3,4561,4561,Estornado,5181.51,
1617,3,4565,4565,Processando,96.67,
1618,3,4567,4567,Falhou,4310.58,
1619,3,4572,4572,Pendente,9033.00,
1620,3,4574,4574,Estornado,3850.55,
1621,3,4578,4578,Estornado,5132.61,
1622,3,4583,4583,Pendente,4343.04,
1623,3,4586,4586,Estornado,5008.21,
1624,3,4588,4588,Estornado,460.15,
1625,3,4600,4600,Falhou,9701.37,
1626,3,4602,4602,Concluído,6915.17,2025-03-29 18:20:17
1627,3,4604,4604,Processando,995.59,
1628,3,4607,4607,Estornado,1395.95,
1629,3,4612,4612,Concluído,5881.40,2025-01-29 01:31:44
1630,3,4615,4615,Pendente,9732.85,
1631,3,4616,4616,Concluído,5989.57,2025-03-14 20:51:48
1632,3,4617,4617,Processando,4646.60,
1633,3,4627,4627,Concluído,8372.14,2025-01-12 04:40:24
1634,3,4631,4631,Falhou,7291.83,
1635,3,4632,4632,Pendente,9822.84,
1636,3,4636,4636,Estornado,2039.49,
1637,3,4641,4641,Concluído,2649.28,2025-03-28 03:00:44
1638,3,4644,4644,Estornado,5576.34,
1639,3,4645,4645,Pendente,8627.00,
1640,3,4646,4646,Estornado,1526.03,
1641,3,4650,4650,Falhou,6229.98,
1642,3,4658,4658,Concluído,3853.90,2025-03-22 14:10:50
1643,3,4659,4659,Concluído,9245.79,2025-04-25 15:12:59
1644,3,4664,4664,Falhou,1414.14,
1645,3,4667,4667,Estornado,3681.84,
1646,3,4669,4669,Pendente,4615.39,
1647,3,4670,4670,Estornado,2003.47,
1648,3,4673,4673,Concluído,7866.84,2025-04-08 22:45:57
1649,3,4674,4674,Processando,8072.98,
1650,3,4675,4675,Processando,9242.57,
1651,3,4676,4676,Processando,6158.69,
1652,3,4678,4678,Estornado,9637.97,
1653,3,4681,4681,Concluído,2503.74,2025-04-23 04:11:59
1654,3,4685,4685,Estornado,5651.25,
1655,3,4686,4686,Concluído,3320.58,2025-03-03 04:42:24
1656,3,4688,4688,Concluído,4153.17,2025-04-28 19:08:03
1657,3,4690,4690,Falhou,8765.47,
1658,3,4691,4691,Pendente,499.45,
1659,3,4694,4694,Falhou,492.71,
1660,3,4696,4696,Processando,7325.79,
1661,3,4697,4697,Falhou,7466.34,
1662,3,4703,4703,Processando,9008.02,
1663,3,4705,4705,Pendente,8184.86,
1664,3,4708,4708,Processando,5140.98,
1665,3,4709,4709,Concluído,5611.80,2025-03-08 11:51:53
1666,3,4713,4713,Estornado,7148.66,
1667,3,4718,4718,Estornado,878.81,
1668,3,4723,4723,Pendente,1762.96,
1669,3,4724,4724,Pendente,5513.39,
1670,3,4728,4728,Processando,4705.70,
1671,3,4729,4729,Concluído,5292.82,2025-03-15 12:56:26
1672,3,4731,4731,Pendente,4373.88,
1673,3,4732,4732,Falhou,6414.26,
1674,3,4735,4735,Falhou,3626.86,
1675,3,4736,4736,Estornado,5148.24,
1676,3,4737,4737,Pendente,9912.15,
1677,3,4738,4738,Concluído,3759.16,2025-02-22 11:47:03
1678,3,4739,4739,Estornado,1114.84,
1679,3,4746,4746,Estornado,1255.60,
1680,3,4749,4749,Estornado,7470.55,
1681,3,4752,4752,Processando,1458.10,
1682,3,4753,4753,Concluído,2079.99,2025-04-22 18:55:00
1683,3,4754,4754,Falhou,6706.20,
1684,3,4755,4755,Estornado,3095.75,
1685,3,4756,4756,Falhou,8725.76,
1686,3,4757,4757,Processando,720.95,
1687,3,4762,4762,Estornado,3429.56,
1688,3,4763,4763,Processando,694.18,
1689,3,4765,4765,Estornado,589.84,
1690,3,4768,4768,Estornado,2444.57,
1691,3,4769,4769,Processando,4615.91,
1692,3,4774,4774,Concluído,4938.64,2025-04-19 12:24:11
1693,3,4787,4787,Processando,4052.49,
1694,3,4789,4789,Processando,9870.35,
1695,3,4790,4790,Processando,2366.01,
1696,3,4791,4791,Estornado,3429.60,
1697,3,4795,4795,Concluído,2626.18,2025-04-15 21:31:16
1698,3,4800,4800,Pendente,8114.17,
1699,3,4801,4801,Pendente,3178.75,
1700,3,4802,4802,Processando,4855.04,
1701,3,4804,4804,Estornado,4985.87,
1702,3,4807,4807,Processando,8674.02,
1703,3,4808,4808,Estornado,523.75,
1704,3,4809,4809,Estornado,856.48,
1705,3,4817,4817,Concluído,2105.77,2025-03-21 06:46:31
1706,3,4822,4822,Pendente,7222.05,
1707,3,4824,4824,Falhou,1300.41,
1708,3,4826,4826,Concluído,3977.38,2025-04-06 17:57:07
1709,3,4830,4830,Falhou,3512.30,
1710,3,4832,4832,Falhou,8454.87,
1711,3,4837,4837,Falhou,6809.38,
1712,3,4842,4842,Concluído,1293.68,2025-04-26 17:48:36
1713,3,4849,4849,Pendente,5910.90,
1714,3,4854,4854,Pendente,4537.68,
1715,3,4856,4856,Processando,7276.51,
1716,3,4860,4860,Processando,9527.73,
1717,3,4861,4861,Processando,3968.24,
1718,3,4864,4864,Processando,7832.45,
1719,3,4865,4865,Falhou,8368.47,
1720,3,4866,4866,Pendente,2114.46,
1721,3,4867,4867,Concluído,1685.43,2025-04-28 13:30:34
1722,3,4870,4870,Estornado,2858.50,
1723,3,4871,4871,Processando,2496.53,
1724,3,4874,4874,Estornado,1498.63,
1725,3,4876,4876,Concluído,377.01,2025-04-21 05:47:52
1726,3,4878,4878,Pendente,8432.43,
1727,3,4881,4881,Concluído,3560.38,2025-02-20 00:32:08
1728,3,4887,4887,Falhou,4493.78,
1729,3,4888,4888,Pendente,2551.73,
1730,3,4891,4891,Pendente,7048.20,
1731,3,4892,4892,Pendente,3087.36,
1732,3,4893,4893,Processando,6296.00,
1733,3,4894,4894,Estornado,3585.07,
1734,3,4895,4895,Concluído,5389.09,2025-04-26 14:12:21
1735,3,4898,4898,Concluído,8489.25,2025-02-13 14:05:43
1736,3,4907,4907,Concluído,8356.11,2025-02-06 06:27:49
1737,3,4910,4910,Pendente,2813.27,
1738,3,4912,4912,Concluído,6531.20,2025-02-14 09:11:51
1739,3,4915,4915,Processando,5952.68,
1740,3,4917,4917,Pendente,3217.48,
1741,3,4918,4918,Estornado,1586.14,
1742,3,4919,4919,Estornado,9315.67,
1743,3,4924,4924,Concluído,935.50,2025-01-14 12:22:33
1744,3,4925,4925,Processando,7257.92,
1745,3,4928,4928,Pendente,2323.35,
